{
    "name": "Pietro's webcam",
    "width": 640,
    "height": 480,
    "intrinsics": {
        "fx": 587.4568,
        "fy": 592.4251,
        "cx": 337.0928,
        "cy": 224.3169,
        "skew": 0
    },
    "distortions": {
        "dist_vector": [
            -0.3650999963283539,
            0.04919999837875366,
            0.0007999999797903001,
            -0.00139999995008111,
            0.3061999976634979
        ]
    },
    "others":
    {
        "brightness":  0,
        "saturation": 0
    }
}