{
    "src": {
        "name": "Serena's webcam",
        "width": 640,
        "height": 480,
        "intrinsics": {
            "fx": 637.1855,
            "fy": 637.5643,
            "cx": 316.6597,
            "cy": 250.5053,
            "skew": 0
        },
        "distortions": {
            "dist_vector": [
                0.0467,
                -0.3611,
                0.0007,
                -0.0025,
                1.2467
            ]
        },
        "others":
        {
            "brightness":  0,
            "saturation": 0
        }
    },
    "dst": {
        "name": "Pietro's webcam",
        "width": 640,
        "height": 480,
        "intrinsics": {
            "fx": 587.4568,
            "fy": 592.4251,
            "cx": 337.0928,
            "cy": 224.3169,
            "skew": 0
        },
        "distortions": {
            "dist_vector": [
                -0.3650999963283539,
                0.04919999837875366,
                0.0007999999797903001,
                -0.00139999995008111,
                0.3061999976634979
            ]
        },
        "others":
        {
            "brightness":  0,
            "saturation": 0
        }
    },
    "src_to_dst": {
        "rot": [
            [
                0.9994,
                0.0075,
                0.0336
            ],
            [
                -0.0700,
                0.9999,
                -0.0147
            ],
            [
                -0.0337,
                0.0145,
                0.9993
            ]
        ],
        "trans": [
            -0.1213147,
            0.0087372,
            0.0061435
        ]
    }
}