{
	"pinza_box" : [0,-0.500000000,0.87000000000, 0, 0, 0, 1.0],
	"cucchiaio_box" : [0, -0.30000000, 0.870000000, 0, 0, 0, 1.0],
	"start_tray" : [0, -0.4, 0.83 ,1.0, 0, 0, 0],
	"end_tray" : [0.6, -1.3, 0.83,1.0, 0, 0, 0]
	
}

