{
	"pinza_box" : [0,-0.500000000,0.87000000000],
	"cucchiaio_box" : [0, -0.30000000, 0.870000000],
	"start_tray" : [0, -0.4, 0.83],
	"end_tray" : [0.6, -1.3, 0.83]
	
}

